{"loss":0.14417459931737814,"epoch":9,"_wandb":{"runtime":0},"_runtime":0,"_timestamp":1.761472018768938e+09,"_step":9,"accuracy":0.9989555329931573}